Class,Object,Field,Default,Minimum,Maximum,Distribution,Type,Group,Constraint
Building,ZEBRAlliance House number 1 SIP House,North Axis,-37,-48.1,-25.9,Uniform,Float,G001,
Building,ZEBRAlliance House number 1 SIP House,Loads Convergence Tolerance Value,0.04,0.028,0.052,Uniform,Float,G002,
Building,ZEBRAlliance House number 1 SIP House,Temperature Convergence Tolerance Value,0.4,0.28,0.5,Uniform,Float,G003,
ShadowCalculation,ShadowCalculation,Calculation Frequency,20,14,26,Uniform,Integer,G004,
ShadowCalculation,ShadowCalculation,Maximum Figures in Shadow Overlap Calculations,15000,10500,19500,Uniform,Float,G005,
ConvergenceLimits,ConvergenceLimits,Maximum HVAC Iterations,20,10,30,Uniform,Integer,G006,
Site:GroundTemperature:BuildingSurface,Site:GroundTemperature:BuildingSurface,January Ground Temperature,18,15,23.4,Uniform,Float,G007,
Site:GroundTemperature:BuildingSurface,Site:GroundTemperature:BuildingSurface,February Ground Temperature,18,15,23.4,Uniform,Float,G008,
Site:GroundTemperature:BuildingSurface,Site:GroundTemperature:BuildingSurface,March Ground Temperature,18,15,23.4,Uniform,Float,G009,
Site:GroundTemperature:BuildingSurface,Site:GroundTemperature:BuildingSurface,April Ground Temperature,18,15,23.4,Uniform,Float,G010,
Site:GroundTemperature:BuildingSurface,Site:GroundTemperature:BuildingSurface,May Ground Temperature,18,15,23.4,Uniform,Float,G011,
Site:GroundTemperature:BuildingSurface,Site:GroundTemperature:BuildingSurface,June Ground Temperature,18,15,23.4,Uniform,Float,G012,
Site:GroundTemperature:BuildingSurface,Site:GroundTemperature:BuildingSurface,July Ground Temperature,18,15,23.4,Uniform,Float,G013,
Site:GroundTemperature:BuildingSurface,Site:GroundTemperature:BuildingSurface,August Ground Temperature,18,15,23.4,Uniform,Float,G014,
Site:GroundTemperature:BuildingSurface,Site:GroundTemperature:BuildingSurface,September Ground Temperature,18,15,23.4,Uniform,Float,G015,
Site:GroundTemperature:BuildingSurface,Site:GroundTemperature:BuildingSurface,October Ground Temperature,18,15,23.4,Uniform,Float,G016,
Site:GroundTemperature:BuildingSurface,Site:GroundTemperature:BuildingSurface,November Ground Temperature,18,15,23.4,Uniform,Float,G017,
Site:GroundTemperature:BuildingSurface,Site:GroundTemperature:BuildingSurface,December Ground Temperature,18,15,23.4,Uniform,Float,G018,
Material,"Gypsum Board 5/8""",Thickness,0.015875032,0.011112523,0.020637542,Uniform,Float,G019,
Material,"Gypsum Board 5/8""",Conductivity,0.158620005,0.111034003,0.206206006,Uniform,Float,G020,
Material,"Gypsum Board 5/8""",Density,640.7381168,448.5166818,832.9595519,Uniform,Float,G021,
Material,"Gypsum Board 5/8""",Specific Heat,1129.680009,790.776006,1468.584011,Uniform,Float,G022,
Material,"Gypsum Board 5/8""",Thermal Absorptance,0.9,0.63,0.99999,Uniform,Float,G023,
Material,"Gypsum Board 5/8""",Solar Absorptance,0.7,0.49,0.91,Uniform,Float,G024,
Material,"Gypsum Board 5/8""",Visible Absorptance,0.7,0.49,0.91,Uniform,Float,G025,
Material,Cultured Stone,Thickness,0.04445009,0.031115063,0.057785117,Uniform,Float,G026,
Material,Cultured Stone,Conductivity,0.403760012,0.282632009,0.524888016,Uniform,Float,G027,
Material,Cultured Stone,Density,1649.900651,1154.930456,2144.870846,Uniform,Float,G028,
Material,Cultured Stone,Specific Heat,836.8000063,585.7600044,1087.840008,Uniform,Float,G029,
Material,Cultured Stone,Thermal Absorptance,0.9,0.63,0.99999,Uniform,Float,G030,
Material,Cultured Stone,Solar Absorptance,0.7,0.49,0.91,Uniform,Float,G031,
Material,Cultured Stone,Visible Absorptance,0.7,0.49,0.91,Uniform,Float,G032,
Material,"Glass Fiber Insulation 2 3/8""",Thickness,0.060325122,0.042227586,0.078422659,Uniform,Float,G033,
Material,"Glass Fiber Insulation 2 3/8""",Conductivity,0.043260001,0.030282001,0.056238002,Uniform,Float,G034,
Material,"Glass Fiber Insulation 2 3/8""",Density,11.21291704,7.849041931,14.57679216,Uniform,Float,G035,
Material,"Glass Fiber Insulation 2 3/8""",Specific Heat,836.8000063,585.7600044,1087.840008,Uniform,Float,G036,
Material,"Glass Fiber Insulation 2 3/8""",Thermal Absorptance,0.9,0.63,0.99999,Uniform,Float,G037,
Material,"Glass Fiber Insulation 2 3/8""",Solar Absorptance,0.7,0.49,0.91,Uniform,Float,G038,
Material,"Glass Fiber Insulation 2 3/8""",Visible Absorptance,0.7,0.49,0.91,Uniform,Float,G039,
Material,Concrete Foundation Wall,Thickness,0.254000515,0.17780036,0.330200669,Uniform,Float,G040,
Material,Concrete Foundation Wall,Conductivity,1.442000045,1.009400031,1.874600058,Uniform,Float,G041,
Material,Concrete Foundation Wall,Density,2242.583409,1569.808386,2915.358432,Uniform,Float,G042,
Material,Concrete Foundation Wall,Specific Heat,836.8000063,585.7600044,1087.840008,Uniform,Float,G043,
Material,Concrete Foundation Wall,Thermal Absorptance,0.9,0.63,0.99999,Uniform,Float,G044,
Material,Concrete Foundation Wall,Solar Absorptance,0.7,0.49,0.91,Uniform,Float,G045,
Material,Concrete Foundation Wall,Visible Absorptance,0.7,0.49,0.91,Uniform,Float,G046,
Material,Standing Seam Metal Roofing,Thickness,0.0008,0.00056,0.00104,Uniform,Float,G047,
Material,Standing Seam Metal Roofing,Conductivity,45.28,31.696,58.864,Uniform,Float,G048,
Material,Standing Seam Metal Roofing,Density,7824,5476.8,10171.2,Uniform,Float,G049,
Material,Standing Seam Metal Roofing,Specific Heat,500,350,650,Uniform,Float,G050,
Material,Standing Seam Metal Roofing,Thermal Absorptance,0.9,0.63,0.99999,Uniform,Float,G051,
Material,Standing Seam Metal Roofing,Solar Absorptance,0.7,0.49,0.91,Uniform,Float,G052,
Material,Standing Seam Metal Roofing,Visible Absorptance,0.7,0.49,0.91,Uniform,Float,G053,
Material,"Plywood 1/2""",Thickness,0.0127,0.00889,0.01651,Uniform,Float,G054,
Material,"Plywood 1/2""",Conductivity,0.15,0.105,0.195,Uniform,Float,G055,
Material,"Plywood 1/2""",Density,608,425.6,790.4,Uniform,Float,G056,
Material,"Plywood 1/2""",Specific Heat,1630,1141,2119,Uniform,Float,G057,
Material,"Plywood 1/2""",Thermal Absorptance,0.9,0.63,0.99999,Uniform,Float,G058,
Material,"Plywood 1/2""",Solar Absorptance,0.7,0.49,0.91,Uniform,Float,G059,
Material,"Plywood 1/2""",Visible Absorptance,0.7,0.49,0.91,Uniform,Float,G060,
Material,2x6 Wood Studs,Thickness,0.139700283,0.097790198,0.181610368,Uniform,Float,G061,
Material,2x6 Wood Studs,Conductivity,0.15,0.105,0.195,Uniform,Float,G062,
Material,2x6 Wood Studs,Density,608,425.6,790.4,Uniform,Float,G063,
Material,2x6 Wood Studs,Specific Heat,1630,1141,2119,Uniform,Float,G064,
Material,2x6 Wood Studs,Thermal Absorptance,0.9,0.63,0.99999,Uniform,Float,G065,
Material,2x6 Wood Studs,Solar Absorptance,0.7,0.49,0.91,Uniform,Float,G066,
Material,2x6 Wood Studs,Visible Absorptance,0.7,0.49,0.91,Uniform,Float,G067,
Material,"3/4"" T&G Plywood Decking",Thickness,0.012700026,0.008890018,0.016510033,Uniform,Float,G068,
Material,"3/4"" T&G Plywood Decking",Conductivity,0.15,0.105,0.195,Uniform,Float,G069,
Material,"3/4"" T&G Plywood Decking",Density,608,425.6,790.4,Uniform,Float,G070,
Material,"3/4"" T&G Plywood Decking",Specific Heat,1630,1141,2119,Uniform,Float,G071,
Material,"3/4"" T&G Plywood Decking",Thermal Absorptance,0.9,0.63,0.99999,Uniform,Float,G072,
Material,"3/4"" T&G Plywood Decking",Solar Absorptance,0.7,0.49,0.91,Uniform,Float,G073,
Material,"3/4"" T&G Plywood Decking",Visible Absorptance,0.7,0.49,0.91,Uniform,Float,G074,
Material,"Concrete Slab 4""",Thickness,0.101600206,0.071120144,0.132080268,Uniform,Float,G075,
Material,"Concrete Slab 4""",Conductivity,1.442000045,1.009400031,1.874600058,Uniform,Float,G076,
Material,"Concrete Slab 4""",Density,2242.583409,1569.808386,2915.358432,Uniform,Float,G077,
Material,"Concrete Slab 4""",Specific Heat,836.8000063,585.7600044,1087.840008,Uniform,Float,G078,
Material,"Concrete Slab 4""",Thermal Absorptance,0.9,0.63,0.99999,Uniform,Float,G079,
Material,"Concrete Slab 4""",Solar Absorptance,0.7,0.49,0.91,Uniform,Float,G080,
Material,"Concrete Slab 4""",Visible Absorptance,0.7,0.49,0.91,Uniform,Float,G081,
Material,"XPS Rigid Insulation 1""",Thickness,0.025400051,0.017780036,0.033020067,Uniform,Float,G082,
Material,"XPS Rigid Insulation 1""",Conductivity,0.028840001,0.020188001,0.037492001,Uniform,Float,G083,
Material,"XPS Rigid Insulation 1""",Density,32.03690584,22.42583409,41.64797759,Uniform,Float,G084,
Material,"XPS Rigid Insulation 1""",Specific Heat,1464.400011,1025.080008,1903.720014,Uniform,Float,G085,
Material,"XPS Rigid Insulation 1""",Thermal Absorptance,0.9,0.63,0.99999,Uniform,Float,G086,
Material,"XPS Rigid Insulation 1""",Solar Absorptance,0.7,0.49,0.91,Uniform,Float,G087,
Material,"XPS Rigid Insulation 1""",Visible Absorptance,0.7,0.49,0.91,Uniform,Float,G088,
Material,"Gravel 4""",Thickness,0.101600206,0.071120144,0.132080268,Uniform,Float,G089,
Material,"Gravel 4""",Conductivity,1.442000045,1.009400031,1.874600058,Uniform,Float,G090,
Material,"Gravel 4""",Density,2242.583409,1569.808386,2915.358432,Uniform,Float,G091,
Material,"Gravel 4""",Specific Heat,836.8000063,585.7600044,1087.840008,Uniform,Float,G092,
Material,"Gravel 4""",Thermal Absorptance,0.9,0.63,0.99999,Uniform,Float,G093,
Material,"Gravel 4""",Solar Absorptance,0.7,0.49,0.91,Uniform,Float,G094,
Material,"Gravel 4""",Visible Absorptance,0.7,0.49,0.91,Uniform,Float,G095,
Material,"OSB 7/16""",Thickness,0.011112523,0.007778766,0.014446279,Uniform,Float,G096,
Material,"OSB 7/16""",Conductivity,0.101747523,0.071223266,0.13227178,Uniform,Float,G097,
Material,"OSB 7/16""",Density,656.7565698,459.7295988,853.7835407,Uniform,Float,G098,
Material,"OSB 7/16""",Specific Heat,1882.800014,1317.96001,2447.640019,Uniform,Float,G099,
Material,"OSB 7/16""",Thermal Absorptance,0.9,0.63,0.99999,Uniform,Float,G100,
Material,"OSB 7/16""",Solar Absorptance,0.7,0.49,0.91,Uniform,Float,G101,
Material,"OSB 7/16""",Visible Absorptance,0.7,0.49,0.91,Uniform,Float,G102,
Material,"EPS 5 + 5/8""",Thickness,0.14287529,0.100012703,0.185737877,Uniform,Float,G103,
Material,"EPS 5 + 5/8""",Conductivity,0.037780401,0.026446281,0.049114522,Uniform,Float,G104,
Material,"EPS 5 + 5/8""",Density,12.65457781,8.858204465,16.45095115,Uniform,Float,G105,
Material,"EPS 5 + 5/8""",Specific Heat,1464.400011,1025.080008,1903.720014,Uniform,Float,G106,
Material,"EPS 5 + 5/8""",Thermal Absorptance,0.9,0.63,0.99999,Uniform,Float,G107,
Material,"EPS 5 + 5/8""",Solar Absorptance,0.7,0.49,0.91,Uniform,Float,G108,
Material,"EPS 5 + 5/8""",Visible Absorptance,0.7,0.49,0.91,Uniform,Float,G109,
Material,"EPS 9 + 3/8""",Thickness,0.238125483,0.166687838,0.309563128,Uniform,Float,G110,
Material,"EPS 9 + 3/8""",Conductivity,0.037780401,0.026446281,0.049114522,Uniform,Float,G111,
Material,"EPS 9 + 3/8""",Density,12.65457781,8.858204465,16.45095115,Uniform,Float,G112,
Material,"EPS 9 + 3/8""",Specific Heat,1464.400011,1025.080008,1903.720014,Uniform,Float,G113,
Material,"EPS 9 + 3/8""",Thermal Absorptance,0.9,0.63,0.99999,Uniform,Float,G114,
Material,"EPS 9 + 3/8""",Solar Absorptance,0.7,0.49,0.91,Uniform,Float,G115,
Material,"EPS 9 + 3/8""",Visible Absorptance,0.7,0.49,0.91,Uniform,Float,G116,
Material,"Hardie Cladding 1/4"" Gray",Thickness,0.006350013,0.004445009,0.008255017,Uniform,Float,G117,
Material,"Hardie Cladding 1/4"" Gray",Conductivity,0.245140008,0.171598005,0.31868201,Uniform,Float,G118,
Material,"Hardie Cladding 1/4"" Gray",Density,1409.623857,986.7366999,1832.511014,Uniform,Float,G119,
Material,"Hardie Cladding 1/4"" Gray",Specific Heat,836.8000063,585.7600044,1087.840008,Uniform,Float,G120,
Material,"Hardie Cladding 1/4"" Gray",Thermal Absorptance,0.9,0.63,0.99999,Uniform,Float,G121,
Material,"Hardie Cladding 1/4"" Gray",Solar Absorptance,0.521,0.3647,0.6773,Uniform,Float,G122,
Material,"Hardie Cladding 1/4"" Gray",Visible Absorptance,0.7,0.49,0.91,Uniform,Float,G123,
Material,"Hardie Cladding 1/4"" Dark Green",Thickness,0.006350013,0.004445009,0.008255017,Uniform,Float,G124,
Material,"Hardie Cladding 1/4"" Dark Green",Conductivity,0.245140008,0.171598005,0.31868201,Uniform,Float,G125,
Material,"Hardie Cladding 1/4"" Dark Green",Density,1409.623857,986.7366999,1832.511014,Uniform,Float,G126,
Material,"Hardie Cladding 1/4"" Dark Green",Specific Heat,836.8000063,585.7600044,1087.840008,Uniform,Float,G127,
Material,"Hardie Cladding 1/4"" Dark Green",Thermal Absorptance,0.9,0.63,0.99999,Uniform,Float,G128,
Material,"Hardie Cladding 1/4"" Dark Green",Solar Absorptance,0.667,0.4669,0.8671,Uniform,Float,G129,
Material,"Hardie Cladding 1/4"" Dark Green",Visible Absorptance,0.7,0.49,0.91,Uniform,Float,G130,
Material,"Hardie Cladding 1/4"" Cream",Thickness,0.006350013,0.004445009,0.008255017,Uniform,Float,G131,
Material,"Hardie Cladding 1/4"" Cream",Conductivity,0.245140008,0.171598005,0.31868201,Uniform,Float,G132,
Material,"Hardie Cladding 1/4"" Cream",Density,1409.623857,986.7366999,1832.511014,Uniform,Float,G133,
Material,"Hardie Cladding 1/4"" Cream",Specific Heat,836.8000063,585.7600044,1087.840008,Uniform,Float,G134,
Material,"Hardie Cladding 1/4"" Cream",Thermal Absorptance,0.9,0.63,0.99999,Uniform,Float,G135,
Material,"Hardie Cladding 1/4"" Cream",Solar Absorptance,0.255,0.1785,0.3315,Uniform,Float,G136,
Material,"Hardie Cladding 1/4"" Cream",Visible Absorptance,0.7,0.49,0.91,Uniform,Float,G137,
Material:NoMass,Building Wrap,Thermal Resistance,0.010566611,0.007396628,0.013736595,Uniform,Float,G138,
Material:NoMass,Building Wrap,Thermal Absorptance,0.9,0.63,0.99999,Uniform,Float,G139,
Material:NoMass,Building Wrap,Solar Absorptance,0.7,0.49,0.91,Uniform,Float,G140,
Material:NoMass,Building Wrap,Visible Absorptance,0.7,0.49,0.91,Uniform,Float,G141,
Material:AirGap,Dimpled Spacer Mat,Thermal Resistance,0.088055094,0.061638566,0.114471622,Uniform,Float,G142,
WindowMaterial:SimpleGlazingSystem,Window A,U-Factor,1.703478911,1.192435238,2.214522584,Uniform,Float,G143,
WindowMaterial:SimpleGlazingSystem,Window A,Solar Heat Gain Coefficient,0.25,0.175,0.325,Uniform,Float,G144,
WindowMaterial:SimpleGlazingSystem,Window A,Visible Transmittance,0.41,0.287,0.533,Uniform,Float,G145,
WindowMaterial:SimpleGlazingSystem,Window B,U-Factor,1.476348389,1.033443873,1.919252906,Uniform,Float,G146,
WindowMaterial:SimpleGlazingSystem,Window B,Solar Heat Gain Coefficient,0.3,0.21,0.39,Uniform,Float,G147,
WindowMaterial:SimpleGlazingSystem,Window B,Visible Transmittance,0.5,0.35,0.65,Uniform,Float,G148,
WindowMaterial:SimpleGlazingSystem,Window C,U-Factor,1.703478911,1.192435238,2.214522584,Uniform,Float,G149,
WindowMaterial:SimpleGlazingSystem,Window C,Solar Heat Gain Coefficient,0.25,0.175,0.325,Uniform,Float,G150,
WindowMaterial:SimpleGlazingSystem,Window C,Visible Transmittance,0.41,0.287,0.533,Uniform,Float,G151,
WindowMaterial:SimpleGlazingSystem,Window D,U-Factor,1.476348389,1.033443873,1.919252906,Uniform,Float,G152,
WindowMaterial:SimpleGlazingSystem,Window D,Solar Heat Gain Coefficient,0.29,0.203,0.377,Uniform,Float,G153,
WindowMaterial:SimpleGlazingSystem,Window D,Visible Transmittance,0.5,0.35,0.65,Uniform,Float,G154,
WindowMaterial:SimpleGlazingSystem,Window E,U-Factor,1.817044172,1.27193092,2.362157423,Uniform,Float,G155,
WindowMaterial:SimpleGlazingSystem,Window E,Solar Heat Gain Coefficient,0.36,0.252,0.468,Uniform,Float,G156,
WindowMaterial:SimpleGlazingSystem,Window E,Visible Transmittance,0.62,0.434,0.806,Uniform,Float,G157,
WindowMaterial:SimpleGlazingSystem,Window F,U-Factor,1.817044172,1.27193092,2.362157423,Uniform,Float,G158,
WindowMaterial:SimpleGlazingSystem,Window F,Solar Heat Gain Coefficient,0.36,0.252,0.468,Uniform,Float,G159,
WindowMaterial:SimpleGlazingSystem,Window F,Visible Transmittance,0.62,0.434,0.806,Uniform,Float,G160,
WindowMaterial:SimpleGlazingSystem,Window G,U-Factor,1.53313102,1.073191714,1.993070326,Uniform,Float,G161,
WindowMaterial:SimpleGlazingSystem,Window G,Solar Heat Gain Coefficient,0.16,0.112,0.208,Uniform,Float,G162,
WindowMaterial:SimpleGlazingSystem,Window G,Visible Transmittance,0.23,0.161,0.299,Uniform,Float,G163,
WindowMaterial:SimpleGlazingSystem,Window H,U-Factor,1.476348389,1.033443873,1.919252906,Uniform,Float,G164,
WindowMaterial:SimpleGlazingSystem,Window H,Solar Heat Gain Coefficient,0.3,0.21,0.39,Uniform,Float,G165,
WindowMaterial:SimpleGlazingSystem,Window H,Visible Transmittance,0.5,0.35,0.65,Uniform,Float,G166,
WindowMaterial:SimpleGlazingSystem,Window I,U-Factor,1.703478911,1.192435238,2.214522584,Uniform,Float,G167,
WindowMaterial:SimpleGlazingSystem,Window I,Solar Heat Gain Coefficient,0.25,0.175,0.325,Uniform,Float,G168,
WindowMaterial:SimpleGlazingSystem,Window I,Visible Transmittance,0.41,0.287,0.533,Uniform,Float,G169,
WindowMaterial:Gas,AIR 3MM,Thickness,0.0032,0.00224,0.00416,Uniform,Float,G170,
WindowMaterial:Gas,AIR 6MM,Thickness,0.0063,0.00441,0.00819,Uniform,Float,G171,
WindowMaterial:Gas,AIR 8MM,Thickness,0.0079,0.00553,0.01027,Uniform,Float,G172,
WindowMaterial:Gas,AIR 13MM,Thickness,0.0127,0.00889,0.01651,Uniform,Float,G173,
WindowMaterial:Gas,ARGON 3MM,Thickness,0.0032,0.00224,0.00416,Uniform,Float,G174,
WindowMaterial:Gas,ARGON 6MM,Thickness,0.0063,0.00441,0.00819,Uniform,Float,G175,
WindowMaterial:Gas,ARGON 8MM,Thickness,0.0079,0.00553,0.01027,Uniform,Float,G176,
WindowMaterial:Gas,ARGON 13MM,Thickness,0.0127,0.00889,0.01651,Uniform,Float,G177,
ShadingProperty:Reflectance,ShadingProperty:Reflectance,Diffuse Solar Reflectance of Unglazed Part of Shading Surface,0.2,0.14,0.26,Uniform,Float,G178,
ShadingProperty:Reflectance,ShadingProperty:Reflectance,Diffuse Visible Reflectance of Unglazed Part of Shading Surface,0.2,0.14,0.26,Uniform,Float,G179,
Lights,Bathroom Lights (1st and 2nd floor)Energy,Lighting Level,200,140,260,Uniform,Float,G180,
Lights,Bathroom Lights (1st and 2nd floor)Energy,Return Air Fraction,0,0,0.615,Uniform,Float,G181,G181 + G182 + G183 < 1
Lights,Bathroom Lights (1st and 2nd floor)Energy,Fraction Radiant,0.37,0.259,0.481,Uniform,Float,G182,G181 + G182 + G183 < 1
Lights,Bathroom Lights (1st and 2nd floor)Energy,Fraction Visible,0.18,0.126,0.234,Uniform,Float,G183,G181 + G182 + G183 < 1
Lights,Bathroom Lights (1st and 2nd floor)Energy,Fraction Replaceable,0,0,1,Uniform,Float,G184,
Lights,Bedroom Lights and Plugs (master and 2nd floor bed rooms) Energy,Lighting Level,200,140,260,Uniform,Float,G185,
Lights,Bedroom Lights and Plugs (master and 2nd floor bed rooms) Energy,Return Air Fraction,0,0,0.615,Uniform,Float,G186,G186 + G187 + G188 < 1
Lights,Bedroom Lights and Plugs (master and 2nd floor bed rooms) Energy,Fraction Radiant,0.37,0.259,0.481,Uniform,Float,G187,G186 + G187 + G188 < 1
Lights,Bedroom Lights and Plugs (master and 2nd floor bed rooms) Energy,Fraction Visible,0.18,0.126,0.234,Uniform,Float,G188,G186 + G187 + G188 < 1
Lights,Bedroom Lights and Plugs (master and 2nd floor bed rooms) Energy,Fraction Replaceable,0,0,1,Uniform,Float,G189,
Lights,Level 1 Lights (kitchen and dining) Energy,Lighting Level,400,280,520,Uniform,Float,G190,
Lights,Level 1 Lights (kitchen and dining) Energy,Return Air Fraction,0,0,0.615,Uniform,Float,G191,G191 + G192 + G193 < 1
Lights,Level 1 Lights (kitchen and dining) Energy,Fraction Radiant,0.37,0.259,0.481,Uniform,Float,G192,G191 + G192 + G193 < 1
Lights,Level 1 Lights (kitchen and dining) Energy,Fraction Visible,0.18,0.126,0.234,Uniform,Float,G193,G191 + G192 + G193 < 1
Lights,Level 1 Lights (kitchen and dining) Energy,Fraction Replaceable,0,0,1,Uniform,Float,G194,
ElectricEquipment,WAHP Auxilliary Heat Energy,Design Level,10000,7000,13000,Uniform,Float,G195,
ElectricEquipment,WAHP Auxilliary Heat Energy,Fraction Latent,0,0,0.3,Uniform,Float,G196,G196 + G197 + G198 <= 1
ElectricEquipment,WAHP Auxilliary Heat Energy,Fraction Radiant,0,0,0.3,Uniform,Float,G197,G196 + G197 + G198 <= 1
ElectricEquipment,WAHP Auxilliary Heat Energy,Fraction Lost,1,0.7,1,Uniform,Float,G198,G196 + G197 + G198 <= 1
ElectricEquipment,IHP Indoor Fan Energy,Design Level,200,140,260,Uniform,Float,G199,
ElectricEquipment,IHP Indoor Fan Energy,Fraction Latent,0,0,0.3,Uniform,Float,G200,G200 + G201 + G202 <= 1
ElectricEquipment,IHP Indoor Fan Energy,Fraction Radiant,0,0,0.3,Uniform,Float,G201,G200 + G201 + G202 <= 1
ElectricEquipment,IHP Indoor Fan Energy,Fraction Lost,1,0.7,1,Uniform,Float,G202,G200 + G201 + G202 <= 1
ElectricEquipment,Dryer Energy,Design Level,4000,2800,5200,Uniform,Float,G203,
ElectricEquipment,Dryer Energy,Fraction Latent,0.1,0.07,0.13,Uniform,Float,G204,G204 + G205 + G206 < 1
ElectricEquipment,Dryer Energy,Fraction Radiant,0.1,0.07,0.13,Uniform,Float,G205,G204 + G205 + G206 < 1
ElectricEquipment,Dryer Energy,Fraction Lost,0.6,0.42,0.78,Uniform,Float,G206,G204 + G205 + G206 < 1
ElectricEquipment,Oven/Microwave Energy,Design Level,200,140,260,Uniform,Float,G207,
ElectricEquipment,Oven/Microwave Energy,Fraction Latent,0,0,0.93,Uniform,Float,G208,G208 + G209 + G210 < 1
ElectricEquipment,Oven/Microwave Energy,Fraction Radiant,0.1,0.07,0.13,Uniform,Float,G209,G208 + G209 + G210 < 1
ElectricEquipment,Oven/Microwave Energy,Fraction Lost,0,0,0.93,Uniform,Float,G210,G208 + G209 + G210 < 1
ElectricEquipment,Dishwasher Energy,Design Level,1000,700,1300,Uniform,Float,G211,
ElectricEquipment,Dishwasher Energy,Fraction Latent,0.1,0.07,0.13,Uniform,Float,G212,G212 + G213 + G214 < 1
ElectricEquipment,Dishwasher Energy,Fraction Radiant,0.1,0.07,0.13,Uniform,Float,G213,G212 + G213 + G214 < 1
ElectricEquipment,Dishwasher Energy,Fraction Lost,0.5,0.35,0.65,Uniform,Float,G214,G212 + G213 + G214 < 1
ElectricEquipment,Refrigerator Energy,Design Level,300,210,390,Uniform,Float,G215,
ElectricEquipment,Refrigerator Energy,Fraction Latent,0,0,0.79,Uniform,Float,G216,G216 + G217 + G218 < 1
ElectricEquipment,Refrigerator Energy,Fraction Radiant,0.3,0.21,0.39,Uniform,Float,G217,G216 + G217 + G218 < 1
ElectricEquipment,Refrigerator Energy,Fraction Lost,0,0,0.79,Uniform,Float,G218,G216 + G217 + G218 < 1
ElectricEquipment,Kitchen Plugs Energy,Design Level,5,3.5,6.5,Uniform,Float,G219,
ElectricEquipment,Kitchen Plugs Energy,Fraction Latent,0,0,1,Uniform,Float,G220,G220 + G221 + G222 < 1
ElectricEquipment,Kitchen Plugs Energy,Fraction Radiant,0,0,1,Uniform,Float,G221,G220 + G221 + G222 < 1
ElectricEquipment,Kitchen Plugs Energy,Fraction Lost,0,0,1,Uniform,Float,G222,G220 + G221 + G222 < 1
ElectricEquipment,Clother Washer Energy,Design Level,200,140,260,Uniform,Float,G223,
ElectricEquipment,Clother Washer Energy,Fraction Latent,0.2,0.14,0.26,Uniform,Float,G224,G224 + G225 + G226 < 1
ElectricEquipment,Clother Washer Energy,Fraction Radiant,0.2,0.14,0.26,Uniform,Float,G225,G224 + G225 + G226 < 1
ElectricEquipment,Clother Washer Energy,Fraction Lost,0.4,0.28,0.52,Uniform,Float,G226,G224 + G225 + G226 < 1
ElectricEquipment,Bathroom Plugs (Heater on 2nd floor) Energy,Design Level,500,350,650,Uniform,Float,G227,
ElectricEquipment,Bathroom Plugs (Heater on 2nd floor) Energy,Fraction Latent,0,0,0.93,Uniform,Float,G228,G228 + G229 + G230 < 1
ElectricEquipment,Bathroom Plugs (Heater on 2nd floor) Energy,Fraction Radiant,0.1,0.07,0.13,Uniform,Float,G229,G228 + G229 + G230 < 1
ElectricEquipment,Bathroom Plugs (Heater on 2nd floor) Energy,Fraction Lost,0,0,0.93,Uniform,Float,G230,G228 + G229 + G230 < 1
ElectricEquipment,Diding Room Plugs (1st floor heater) Energy,Design Level,800,560,1040,Uniform,Float,G231,
ElectricEquipment,Diding Room Plugs (1st floor heater) Energy,Fraction Latent,0,0,0.93,Uniform,Float,G232,G232 + G233 + G234 < 1
ElectricEquipment,Diding Room Plugs (1st floor heater) Energy,Fraction Radiant,0.1,0.07,0.13,Uniform,Float,G233,G232 + G233 + G234 < 1
ElectricEquipment,Diding Room Plugs (1st floor heater) Energy,Fraction Lost,0,0,0.93,Uniform,Float,G234,G232 + G233 + G234 < 1
ElectricEquipment,Basement Plugs Energy,Design Level,400,280,520,Uniform,Float,G235,
ElectricEquipment,Basement Plugs Energy,Fraction Latent,0,0,0.93,Uniform,Float,G236,G236 + G237 + G238 < 1
ElectricEquipment,Basement Plugs Energy,Fraction Radiant,0.1,0.07,0.13,Uniform,Float,G237,G236 + G237 + G238 < 1
ElectricEquipment,Basement Plugs Energy,Fraction Lost,0,0,0.93,Uniform,Float,G238,G236 + G237 + G238 < 1
ElectricEquipment,ERV Energy,Design Level,200,140,260,Uniform,Float,G239,
ElectricEquipment,ERV Energy,Fraction Latent,0,0,0.58,Uniform,Float,G240,G240 + G241 + G242 < 1
ElectricEquipment,ERV Energy,Fraction Radiant,0.1,0.07,0.13,Uniform,Float,G241,G240 + G241 + G242 < 1
ElectricEquipment,ERV Energy,Fraction Lost,0.5,0.35,0.65,Uniform,Float,G242,G240 + G241 + G242 < 1
ElectricEquipment,WAHP,Design Level,10000,7000,13000,Uniform,Float,G243,
ElectricEquipment,WAHP,Fraction Latent,0,0,0.3,Uniform,Float,G244,G244 + G245 + G246 <= 1
ElectricEquipment,WAHP,Fraction Radiant,0,0,0.3,Uniform,Float,G245,G244 + G245 + G246 <= 1
ElectricEquipment,WAHP,Fraction Lost,1,0.7,1,Uniform,Float,G246,G244 + G245 + G246 <= 1
ElectricEquipment,WWHP_Energy,Design Level,4000,2800,5200,Uniform,Float,G247,
ElectricEquipment,WWHP_Energy,Fraction Latent,0,0,0.3,Uniform,Float,G248,G248 + G249 + G250 <= 1
ElectricEquipment,WWHP_Energy,Fraction Radiant,0,0,0.3,Uniform,Float,G249,G248 + G249 + G250 <= 1
ElectricEquipment,WWHP_Energy,Fraction Lost,1,0.7,1,Uniform,Float,G250,G248 + G249 + G250 <= 1
HotWaterEquipment,WWHP_Load,Design Level,208,145.6,270.4,Uniform,Float,G251,
HotWaterEquipment,WWHP_Load,Fraction Latent,0,0,0.79,Uniform,Float,G252,G252 + G253 + G254 < 1
HotWaterEquipment,WWHP_Load,Fraction Radiant,0.3,0.21,0.39,Uniform,Float,G253,G252 + G253 + G254 < 1
HotWaterEquipment,WWHP_Load,Fraction Lost,0,0,0.79,Uniform,Float,G254,G252 + G253 + G254 < 1
ZoneInfiltration:FlowCoefficient,Infiltration Living Zone,Flow Coefficient,0.00758,0.005306,0.009854,Uniform,Float,G255,
ZoneInfiltration:FlowCoefficient,Infiltration Living Zone,Stack Coefficient,0.089,0.0623,0.1157,Uniform,Float,G256,
ZoneInfiltration:FlowCoefficient,Infiltration Living Zone,Pressure Exponent,0.675,0.4725,0.8775,Uniform,Float,G257,
ZoneInfiltration:FlowCoefficient,Infiltration Living Zone,Wind Coefficient,0.156,0.1092,0.2028,Uniform,Float,G258,
ZoneInfiltration:FlowCoefficient,Infiltration Living Zone,Shelter Factor,0.81,0.567,1.053,Uniform,Float,G259,
ZoneInfiltration:FlowCoefficient,Infiltration Master Bedroom,Flow Coefficient,0.00758,0.005306,0.009854,Uniform,Float,G260,
ZoneInfiltration:FlowCoefficient,Infiltration Master Bedroom,Stack Coefficient,0.089,0.0623,0.1157,Uniform,Float,G261,
ZoneInfiltration:FlowCoefficient,Infiltration Master Bedroom,Pressure Exponent,0.675,0.4725,0.8775,Uniform,Float,G262,
ZoneInfiltration:FlowCoefficient,Infiltration Master Bedroom,Wind Coefficient,0.156,0.1092,0.2028,Uniform,Float,G263,
ZoneInfiltration:FlowCoefficient,Infiltration Master Bedroom,Shelter Factor,0.81,0.567,1.053,Uniform,Float,G264,
ZoneInfiltration:FlowCoefficient,Infiltration Basement,Flow Coefficient,0.00758,0.005306,0.009854,Uniform,Float,G265,
ZoneInfiltration:FlowCoefficient,Infiltration Basement,Stack Coefficient,0.089,0.0623,0.1157,Uniform,Float,G266,
ZoneInfiltration:FlowCoefficient,Infiltration Basement,Pressure Exponent,0.675,0.4725,0.8775,Uniform,Float,G267,
ZoneInfiltration:FlowCoefficient,Infiltration Basement,Wind Coefficient,0.156,0.1092,0.2028,Uniform,Float,G268,
ZoneInfiltration:FlowCoefficient,Infiltration Basement,Shelter Factor,0.81,0.567,1.053,Uniform,Float,G269,
ZoneInfiltration:FlowCoefficient,Infiltration Second Floor,Flow Coefficient,0.00758,0.005306,0.009854,Uniform,Float,G270,
ZoneInfiltration:FlowCoefficient,Infiltration Second Floor,Stack Coefficient,0.089,0.0623,0.1157,Uniform,Float,G271,
ZoneInfiltration:FlowCoefficient,Infiltration Second Floor,Pressure Exponent,0.675,0.4725,0.8775,Uniform,Float,G272,
ZoneInfiltration:FlowCoefficient,Infiltration Second Floor,Wind Coefficient,0.156,0.1092,0.2028,Uniform,Float,G273,
ZoneInfiltration:FlowCoefficient,Infiltration Second Floor,Shelter Factor,0.81,0.567,1.053,Uniform,Float,G274,
Exterior:Lights,Outside Lights Energy,Design Level,200,140,260,Uniform,Float,G275,
ZoneHVAC:IdealLoadsAirSystem,Living Room Zone Ideal Loads Air,Maximum Heating Supply Air Temperature,40.55555663,28.38888964,52.72222362,Uniform,Float,G276,
ZoneHVAC:IdealLoadsAirSystem,Living Room Zone Ideal Loads Air,Minimum Cooling Supply Air Temperature,12.77777812,8.944444681,16.61111155,Uniform,Float,G277,
ZoneHVAC:IdealLoadsAirSystem,Living Room Zone Ideal Loads Air,Maximum Heating Supply Air Humidity Ratio,0.0156,0.01092,0.02028,Uniform,Float,G278,
ZoneHVAC:IdealLoadsAirSystem,Living Room Zone Ideal Loads Air,Minimum Cooling Supply Air Humidity Ratio,0.0077,0.00539,0.01001,Uniform,Float,G279,
ZoneHVAC:IdealLoadsAirSystem,Living Room Zone Ideal Loads Air,Cooling Sensible Heat Ratio,0.7,0.49,0.91,Uniform,Float,G280,
ZoneHVAC:IdealLoadsAirSystem,Living Room Zone Ideal Loads Air,Sensible Heat Recovery Effectiveness,0.7,0.49,0.91,Uniform,Float,G281,
ZoneHVAC:IdealLoadsAirSystem,Living Room Zone Ideal Loads Air,Latent Heat Recovery Effectiveness,0.65,0.455,0.845,Uniform,Float,G282,
ZoneHVAC:IdealLoadsAirSystem,MB Zone Ideal Loads Air,Maximum Heating Supply Air Temperature,40.55555663,28.38888964,52.72222362,Uniform,Float,G283,
ZoneHVAC:IdealLoadsAirSystem,MB Zone Ideal Loads Air,Minimum Cooling Supply Air Temperature,12.77777812,8.944444681,16.61111155,Uniform,Float,G284,
ZoneHVAC:IdealLoadsAirSystem,MB Zone Ideal Loads Air,Maximum Heating Supply Air Humidity Ratio,0.0156,0.01092,0.02028,Uniform,Float,G285,
ZoneHVAC:IdealLoadsAirSystem,MB Zone Ideal Loads Air,Minimum Cooling Supply Air Humidity Ratio,0.0077,0.00539,0.01001,Uniform,Float,G286,
ZoneHVAC:IdealLoadsAirSystem,MB Zone Ideal Loads Air,Cooling Sensible Heat Ratio,0.7,0.49,0.91,Uniform,Float,G287,
ZoneHVAC:IdealLoadsAirSystem,MB Zone Ideal Loads Air,Sensible Heat Recovery Effectiveness,0.7,0.49,0.91,Uniform,Float,G288,
ZoneHVAC:IdealLoadsAirSystem,MB Zone Ideal Loads Air,Latent Heat Recovery Effectiveness,0.65,0.455,0.845,Uniform,Float,G289,
ZoneHVAC:IdealLoadsAirSystem,Basement Zone Ideal Loads Air,Maximum Heating Supply Air Temperature,40.55555663,28.38888964,52.72222362,Uniform,Float,G290,
ZoneHVAC:IdealLoadsAirSystem,Basement Zone Ideal Loads Air,Minimum Cooling Supply Air Temperature,12.77777812,8.944444681,16.61111155,Uniform,Float,G291,
ZoneHVAC:IdealLoadsAirSystem,Basement Zone Ideal Loads Air,Maximum Heating Supply Air Humidity Ratio,0.0156,0.01092,0.02028,Uniform,Float,G292,
ZoneHVAC:IdealLoadsAirSystem,Basement Zone Ideal Loads Air,Minimum Cooling Supply Air Humidity Ratio,0.0077,0.00539,0.01001,Uniform,Float,G293,
ZoneHVAC:IdealLoadsAirSystem,Basement Zone Ideal Loads Air,Cooling Sensible Heat Ratio,0.7,0.49,0.91,Uniform,Float,G294,
ZoneHVAC:IdealLoadsAirSystem,Basement Zone Ideal Loads Air,Sensible Heat Recovery Effectiveness,0.7,0.49,0.91,Uniform,Float,G295,
ZoneHVAC:IdealLoadsAirSystem,Basement Zone Ideal Loads Air,Latent Heat Recovery Effectiveness,0.65,0.455,0.845,Uniform,Float,G296,
ZoneHVAC:IdealLoadsAirSystem,SF Zone Ideal Loads Air,Maximum Heating Supply Air Temperature,40.55555663,28.38888964,52.72222362,Uniform,Float,G297,
ZoneHVAC:IdealLoadsAirSystem,SF Zone Ideal Loads Air,Minimum Cooling Supply Air Temperature,12.77777812,8.944444681,16.61111155,Uniform,Float,G298,
ZoneHVAC:IdealLoadsAirSystem,SF Zone Ideal Loads Air,Maximum Heating Supply Air Humidity Ratio,0.0156,0.01092,0.02028,Uniform,Float,G299,
ZoneHVAC:IdealLoadsAirSystem,SF Zone Ideal Loads Air,Minimum Cooling Supply Air Humidity Ratio,0.0077,0.00539,0.01001,Uniform,Float,G300,
ZoneHVAC:IdealLoadsAirSystem,SF Zone Ideal Loads Air,Cooling Sensible Heat Ratio,0.7,0.49,0.91,Uniform,Float,G301,
ZoneHVAC:IdealLoadsAirSystem,SF Zone Ideal Loads Air,Sensible Heat Recovery Effectiveness,0.7,0.49,0.91,Uniform,Float,G302,
ZoneHVAC:IdealLoadsAirSystem,SF Zone Ideal Loads Air,Latent Heat Recovery Effectiveness,0.65,0.455,0.845,Uniform,Float,G303,
